emso,ime,priimek,geslo
1,Jocelin,Phair,
2,Gaby,Sivess,
3,Miller,Shearwood,
4,Angil,Tregea,
5,Rubie,McVitty,
6,Joye,Wyer,
7,Eleanore,Barabich,
8,Ford,Fulham,
9,Elisha,Wordsley,
10,Phip,Maryan,
11,Ingram,Brendeke,
12,Garrott,Mattock,
13,Abagail,Rawood,
14,Con,Busby,
15,Dredi,Marte,
16,Thurston,Kettlesting,
17,Sheree,Czaple,
18,Verena,Grissett,zQCFss
19,Jaclyn,Maypowder,
20,Maxim,Garland,3PW6sUkBClV
21,Ainslie,Nayshe,
22,Irina,Mcimmie,
23,Elsey,Rennick,XUhZeuCG
24,Deerdre,Ivanov,
25,Janeen,Trodd,
26,Vinnie,Tyres,
27,Jada,La Croce,
28,Marlo,Spanswick,
29,Deva,Keer,
30,Winna,Blasing,
31,Thurstan,Mawer,
32,Micki,Danton,
33,Marline,Byrd,
34,Jeri,Tieraney,
35,Blondy,Pawels,
36,Ade,Dukelow,
37,Gwenny,Hinz,
38,Paten,Paulusch,
39,Riobard,Taill,
40,Sergeant,Stern,
41,Edouard,Draijer,
42,Janeva,Tomenson,IGzmZ5
43,Marquita,Le Borgne,
44,Tova,Geerling,
45,Paulo,Lockier,
46,Ruthie,Bonifazio,
47,Brigg,MacTrustey,
48,Nicky,Purse,
49,Ilaire,Mascall,
50,Marietta,Robbel,
51,Jere,Pezey,
52,Ellery,Greave,
53,Renato,Gouda,
54,Stefania,Haruard,yJYRLKAsA
55,Nobe,Swadling,
56,Hakim,Garrettson,
57,Mendy,Sobtka,
58,Ibrahim,Garretts,
59,Paten,Splevin,
60,Alexandra,Anthonies,
61,Idaline,Speechley,
62,Mick,Stean,
63,Melesa,Puttergill,
64,Melba,Greenin,
65,Tobie,Skelington,
66,Dyanna,Gentsch,
67,Desiri,Itzhaki,
68,Trixie,Kearton,
69,Frederica,Heinschke,
70,Adelaide,Wyant,
71,Aarika,Guilliatt,
72,Dionis,McLice,
73,Aldis,Blakeman,
74,Miguel,Ridgway,
75,Chastity,Mannagh,
76,Blithe,De Bellis,
77,Davon,Elster,
78,Ezri,Haestier,NXLnfbm
79,Jenica,Goodboddy,
80,Josias,Yantsurev,
81,Noelle,Sell,
82,Nealon,Jurkowski,
83,Noella,Dunniom,sjM3zD
84,Alethea,Begg,
85,Papagena,Cruddace,
86,Quincy,Pandie,
87,Dinah,Lakes,
88,Dre,Koeppke,
89,Goddard,Barme,
90,Raddy,Bailles,
91,Clotilda,Crabb,
92,Ellie,McGeagh,
93,Patience,Cumpton,
94,Meagan,Brattell,
95,Kelsey,Olivi,
96,Jeannie,Scutchin,
97,Fairleigh,Chadd,
98,Hall,Colborn,
99,Diahann,Cardero,
100,Jacki,Brawn,
101,Holt,Burbidge,
102,Orel,Jeffers,
103,Ulla,Laetham,
104,Starr,Kohrt,
105,Lizzy,Beaushaw,
106,Maddi,Kisar,
107,Alysia,Theml,
108,Nicolea,Wallentin,
109,Amber,Hingeley,
110,Deanne,Hickinbottom,
111,Rosina,Greener,fNmNcMJq
112,Quillan,Burberry,
113,Cheri,Keme,
114,Ross,BoHlingolsen,
115,Hedwiga,Halkyard,
116,Ricard,Gyrgorwicx,
117,Elwira,Mowen,
118,Daile,Castille,
119,Rici,Fittes,
120,Jourdain,Camoletto,
121,Gunther,Gooddie,
122,Deena,Wort,
123,Eliza,Barczewski,gB4T5OiuR
124,Bel,Bolderoe,
125,Rosabel,Conahy,
126,Zarla,De Clairmont,
127,Salome,Hlavac,
128,Bryant,Duiguid,si65LR2
129,Brianne,Bruckmann,
130,Ruthe,Attersoll,
131,Kyle,Jills,
132,Odell,Wase,
133,Balduin,Heakey,
134,Emelda,McAlroy,
135,Roana,Langridge,
136,Cecil,Dewey,
137,Min,Cliffe,
138,Carmencita,Kleinbaum,
139,Michell,Woodruffe,
140,Lester,Glazyer,
141,Mattie,Chadbourne,
142,Audy,Jaskowicz,3YdljChFyTNm
143,Annetta,Haldon,
144,Laverne,De La Salle,
145,Paulie,Dragge,
146,Oates,Tredwell,
147,Nickola,Portriss,NfU9wcZ7g
148,Micki,Oxbe,HaWadxa
149,Leela,Alliban,
150,Leanor,Helder,
151,Hadlee,Grizard,
152,Sherlocke,Dach,
153,Devondra,Grennan,EkzjqsNp
154,Broderic,Neaves,
155,Devi,Phelipeau,
156,Zane,Skittreal,
157,Nanete,McAughtrie,
158,Yank,Alldridge,
159,Cornie,Danford,
160,Hillary,Clever,
161,Calv,Studdeard,
162,Sue,Grubbe,
163,Luigi,Durek,
164,Davida,Brake,
165,Kristi,Chrispin,
166,Tobin,Humpherston,
167,Astrix,Work,
168,Amelita,Cicco,
169,Cortney,Cutforth,
170,Augusto,Fassam,
171,Emilee,Franks,
172,Stella,Whewill,
173,Bay,Hannaway,
174,Siward,Kegg,
175,Nick,Cashley,
176,Odessa,Mucillo,
177,Roderic,Simeoli,
178,Dianemarie,Penhaligon,
179,Abram,Jurek,
180,Alejoa,Tale,
181,Donetta,Kolak,SmeD2Gg
182,Gwenora,Geare,
183,Maddy,Snowling,
184,Ed,Ricardou,
185,Dre,Palombi,
186,Lorne,Kenworth,
187,Federico,Eglese,
188,Karola,Tredinnick,
189,Pauletta,Compton,
190,Burch,Satteford,
191,Muffin,Rudsdale,
192,Renate,Van Saltsberg,k7tKJSidBRoz
193,Haskel,Adamthwaite,
194,Kai,Le Bosse,
195,Ricki,Vedenichev,
196,Abbey,Maciejewski,
197,Marjory,Moubray,
198,Marlin,Poulgreen,
199,Alidia,Steel,
200,Jecho,Ledford,o4Tbyt4yqQd
201,Tallulah,Wetherell,
202,Tansy,Braidley,
203,Marylynne,Webb,
204,Eden,Whitwham,
205,Leighton,Reichhardt,eyyTyFAFs
206,Caryl,Ambresin,
207,Melvyn,Klicher,
208,Tad,Rydeard,
209,Kienan,Baiss,
210,Jsandye,Dover,
211,Sharl,Beaushaw,
212,Tammi,Richfield,
213,Major,Aylen,
214,Glad,Ivakhno,
215,Andros,Oen,
216,Trumann,Sturror,
217,Xymenes,Sybe,
218,Petronella,Khosa,
219,Bernarr,Sandeman,
220,Roberta,Davidovics,
221,Kayne,Cockarill,
222,Gisela,Hearnah,
223,Cate,Sedgman,
224,Dominique,McAughtrie,
225,Bobbi,Corain,48BbzO
226,Rafi,Helleckas,
227,Valeda,Pycock,
228,Clea,Colls,
229,Ursula,Grene,
230,Roz,Aisbett,
231,Burty,Lowdwell,
232,Tomaso,Bedo,
233,Pierce,Slaney,
234,Banky,Fanner,KDGELlMOU
235,Allie,Cairns,
236,Thacher,Enticknap,
237,Zandra,Rotter,
238,Ivonne,Coltman,
239,Jade,Isakovitch,
240,Cissy,Tromans,
241,Juan,Ringe,
242,Pooh,Hearmon,
243,Micheline,Ilewicz,
244,Torey,Eldershaw,
245,Julee,Looney,
246,Cris,McIlvaney,
247,Calley,Bosse,
248,Isacco,Blanque,
249,Felicdad,Jirusek,gXY0LYCM0V5
250,Celene,Le Noir,
